first_name,last_name,address,date_of_birth
52684c8c455d2024f36b3f8bf94da0c9bf9fe1c4f6feab30b7b84ec6a5f4e5ae,579867e61889a78c56c61a3661a99ed9db0ca98953671a317fc55429e6c70b81,f4c1a2d0b7f514a5be8d083d5018aa5da5b4fcc57d928c350ae784fe748e618b,2003-02-04
fb338e53da57ec89c638f24e8f87697a70d0c0d8e4cc3a56f754211d2c6f0444,92039f1a7ad82575787e314975b24ac559b72031e5b7f84702e75821225f2929,a652c2ab877245f5015ee5393887c31555f7c8dadd693d04190829450368cf12,1959-04-13
7b717950ea1e02ee962fa49549667f329547b833ebce209cd53da66b6b9b264c,d1289e5a730e1e6790a48093f470913a1a1dd0942518d3fb5aeab2a0d163bbc0,68dcfed02e0553ca660460159fd9c0dcac482356675f6d0fffe24c2caaac06c7,1984-12-06
a4f624ce6ef937abc778e12ec83bb9044bd286c436bf2f57177e237273c00dcc,462fce8ec7e497a47933397c209671206f1705304518c3a1df7e5f18c0f620de,a51c69c584b67ede81acbbe72872d753fb5ca636c71c1abc9249f9ff0fb1c906,1958-08-26
55f21269c7d1d2af8739a689e2ca885b86a59cbf14372c71db368595e4049821,e10d850954a8e6113899eda0b14aa4706caaa04a73a804a693360816f6360c8d,8e6fcf73ea4c8cab48bc10411f4cdaf1a45704274d9197fcd9c41b2af310b06a,1959-06-12
f089eaef57aba315bc0e1455985c0c8e40c247f073ce1f4c5a1f8ffde8773176,4b48c39df4ae16d3202399ef9fbbfc4324d40440b4229893446e2ad49b2fa240,0d5fdcec337b77c874a6a67b0bf9c752fca529574ad6620be91e399cb5e4014d,1994-08-30
2238dd61a1bf83816b40ad894518814b8edf7221d84d897ffd2c0466ace07c41,7f4a1e5bff2d56e523ee2a34e1c389956986008e506ca77fadf7047d71c6a63f,a4db8ae21602e0469d39a2b04e59875f2912aac2c8932c7b6998adbd0baa72f8,1959-02-20
5c607f66c4a21215bdddbedde8eb8e3f939f9dcfc6e210c6dda2514d52d36103,25c7e17d3e9906a3ebe30c1b91b8a3fc507f4192f32ad8cfee0c68249244c747,f0f8f670f80edb0502a014a8ad11a6e2ecb5090b02aa34ce2b67b70de3464092,1979-07-29
c72980085b5f4f919d8a38012dd0d18e30153026b291dcc052b6770b319f4f55,039a7887111f61c76c207a7d9624a1179dc542a039b68ad79c3aa0524c08a50d,1d8b7638879873110b3278e8497c4be4e575014f1abda08d6658a7edc9558050,1962-05-14
66e52fa9061472674466cdec63bfec6afe1417989e2e3f1e163b71e1b13f5f18,dc198b9b65be72875918f767fd72ec0ff0ca8d739064ac810f443781cf30edcc,cf79b10123f002ab81e2387581d1f6fa667f6591bba1c585fdf76808cbf4a904,1983-02-27
